stem,method,n_queries,metric,value
1804_03_21_1804032150,arm1_naive,252,R@10,0.4713
1804_03_21_1804032150,arm2_metadata_node_raw,252,R@10,0.4735
1804_03_21_1804032150,arm2_metadata_node_enriched,252,R@10,0.4735
1804_03_21_1804032150,arm2_metadata_node_summary,252,R@10,0.5137
1804_03_21_1804032150,arm2_metadata_node_full,252,R@10,0.4735
1804_03_21_1804032150,arm2_metadata_article_raw,252,R@10,0.4766
1804_03_21_1804032150,arm2_metadata_article_full,252,R@10,0.4766
1867_06_08_1867060850,arm1_naive,65,R@10,0.2985
1867_06_08_1867060850,arm2_metadata_node_raw,65,R@10,0.2451
1867_06_08_1867060850,arm2_metadata_node_enriched,65,R@10,0.2451
1867_06_08_1867060850,arm2_metadata_node_summary,65,R@10,0.2395
1867_06_08_1867060850,arm2_metadata_node_full,65,R@10,0.2451
1867_06_08_1867060850,arm2_metadata_article_raw,65,R@10,0.2474
1867_06_08_1867060850,arm2_metadata_article_full,65,R@10,0.2474
1967_10_10_1967101055,arm1_naive,204,R@10,0.3425
1967_10_10_1967101055,arm2_metadata_node_raw,204,R@10,0.2935
1967_10_10_1967101055,arm2_metadata_node_enriched,204,R@10,0.2935
1967_10_10_1967101055,arm2_metadata_node_summary,204,R@10,0.3461
1967_10_10_1967101055,arm2_metadata_node_full,204,R@10,0.2935
1967_10_10_1967101055,arm2_metadata_article_raw,204,R@10,0.3091
1967_10_10_1967101055,arm2_metadata_article_full,204,R@10,0.3091
1967_10_10_1967101056,arm1_naive,71,R@10,0.391
1967_10_10_1967101056,arm2_metadata_node_raw,71,R@10,0.4678
1967_10_10_1967101056,arm2_metadata_node_enriched,71,R@10,0.4678
1967_10_10_1967101056,arm2_metadata_node_summary,71,R@10,0.3827
1967_10_10_1967101056,arm2_metadata_node_full,71,R@10,0.4678
1967_10_10_1967101056,arm2_metadata_article_raw,71,R@10,0.3964
1967_10_10_1967101056,arm2_metadata_article_full,71,R@10,0.3964
2003_07_17_2013A31614,arm1_naive,133,R@10,0.8006
2003_07_17_2013A31614,arm2_metadata_node_raw,133,R@10,0.7635
2003_07_17_2013A31614,arm2_metadata_node_enriched,133,R@10,0.7635
2003_07_17_2013A31614,arm2_metadata_node_summary,133,R@10,0.8045
2003_07_17_2013A31614,arm2_metadata_node_full,133,R@10,0.7635
2003_07_17_2013A31614,arm2_metadata_article_raw,133,R@10,0.7445
2003_07_17_2013A31614,arm2_metadata_article_full,133,R@10,0.7445
1804_03_21_1804032150,arm1_naive,252,R@100,0.9282
1804_03_21_1804032150,arm2_metadata_node_raw,252,R@100,0.852
1804_03_21_1804032150,arm2_metadata_node_enriched,252,R@100,0.852
1804_03_21_1804032150,arm2_metadata_node_summary,252,R@100,0.8771
1804_03_21_1804032150,arm2_metadata_node_full,252,R@100,0.852
1804_03_21_1804032150,arm2_metadata_article_raw,252,R@100,0.893
1804_03_21_1804032150,arm2_metadata_article_full,252,R@100,0.893
1867_06_08_1867060850,arm1_naive,65,R@100,0.6399
1867_06_08_1867060850,arm2_metadata_node_raw,65,R@100,0.5387
1867_06_08_1867060850,arm2_metadata_node_enriched,65,R@100,0.5387
1867_06_08_1867060850,arm2_metadata_node_summary,65,R@100,0.7059
1867_06_08_1867060850,arm2_metadata_node_full,65,R@100,0.5387
1867_06_08_1867060850,arm2_metadata_article_raw,65,R@100,0.6983
1867_06_08_1867060850,arm2_metadata_article_full,65,R@100,0.6983
1967_10_10_1967101055,arm1_naive,204,R@100,0.7238
1967_10_10_1967101055,arm2_metadata_node_raw,204,R@100,0.5947
1967_10_10_1967101055,arm2_metadata_node_enriched,204,R@100,0.5947
1967_10_10_1967101055,arm2_metadata_node_summary,204,R@100,0.6539
1967_10_10_1967101055,arm2_metadata_node_full,204,R@100,0.5947
1967_10_10_1967101055,arm2_metadata_article_raw,204,R@100,0.6341
1967_10_10_1967101055,arm2_metadata_article_full,204,R@100,0.6341
1967_10_10_1967101056,arm1_naive,71,R@100,0.9147
1967_10_10_1967101056,arm2_metadata_node_raw,71,R@100,0.8608
1967_10_10_1967101056,arm2_metadata_node_enriched,71,R@100,0.8608
1967_10_10_1967101056,arm2_metadata_node_summary,71,R@100,0.8496
1967_10_10_1967101056,arm2_metadata_node_full,71,R@100,0.8608
1967_10_10_1967101056,arm2_metadata_article_raw,71,R@100,0.9025
1967_10_10_1967101056,arm2_metadata_article_full,71,R@100,0.9025
2003_07_17_2013A31614,arm1_naive,133,R@100,0.9499
2003_07_17_2013A31614,arm2_metadata_node_raw,133,R@100,0.8901
2003_07_17_2013A31614,arm2_metadata_node_enriched,133,R@100,0.8901
2003_07_17_2013A31614,arm2_metadata_node_summary,133,R@100,0.9371
2003_07_17_2013A31614,arm2_metadata_node_full,133,R@100,0.8901
2003_07_17_2013A31614,arm2_metadata_article_raw,133,R@100,0.9279
2003_07_17_2013A31614,arm2_metadata_article_full,133,R@100,0.9279
1804_03_21_1804032150,arm1_naive,252,MRR@10,0.3509
1804_03_21_1804032150,arm2_metadata_node_raw,252,MRR@10,0.4397
1804_03_21_1804032150,arm2_metadata_node_enriched,252,MRR@10,0.4397
1804_03_21_1804032150,arm2_metadata_node_summary,252,MRR@10,0.4698
1804_03_21_1804032150,arm2_metadata_node_full,252,MRR@10,0.4397
1804_03_21_1804032150,arm2_metadata_article_raw,252,MRR@10,0.448
1804_03_21_1804032150,arm2_metadata_article_full,252,MRR@10,0.448
1867_06_08_1867060850,arm1_naive,65,MRR@10,0.2836
1867_06_08_1867060850,arm2_metadata_node_raw,65,MRR@10,0.3378
1867_06_08_1867060850,arm2_metadata_node_enriched,65,MRR@10,0.3378
1867_06_08_1867060850,arm2_metadata_node_summary,65,MRR@10,0.3362
1867_06_08_1867060850,arm2_metadata_node_full,65,MRR@10,0.3378
1867_06_08_1867060850,arm2_metadata_article_raw,65,MRR@10,0.3053
1867_06_08_1867060850,arm2_metadata_article_full,65,MRR@10,0.3053
1967_10_10_1967101055,arm1_naive,204,MRR@10,0.3294
1967_10_10_1967101055,arm2_metadata_node_raw,204,MRR@10,0.3922
1967_10_10_1967101055,arm2_metadata_node_enriched,204,MRR@10,0.3922
1967_10_10_1967101055,arm2_metadata_node_summary,204,MRR@10,0.4317
1967_10_10_1967101055,arm2_metadata_node_full,204,MRR@10,0.3922
1967_10_10_1967101055,arm2_metadata_article_raw,204,MRR@10,0.4051
1967_10_10_1967101055,arm2_metadata_article_full,204,MRR@10,0.4051
1967_10_10_1967101056,arm1_naive,71,MRR@10,0.2369
1967_10_10_1967101056,arm2_metadata_node_raw,71,MRR@10,0.3371
1967_10_10_1967101056,arm2_metadata_node_enriched,71,MRR@10,0.3371
1967_10_10_1967101056,arm2_metadata_node_summary,71,MRR@10,0.309
1967_10_10_1967101056,arm2_metadata_node_full,71,MRR@10,0.3371
1967_10_10_1967101056,arm2_metadata_article_raw,71,MRR@10,0.3122
1967_10_10_1967101056,arm2_metadata_article_full,71,MRR@10,0.3122
2003_07_17_2013A31614,arm1_naive,133,MRR@10,0.4605
2003_07_17_2013A31614,arm2_metadata_node_raw,133,MRR@10,0.6078
2003_07_17_2013A31614,arm2_metadata_node_enriched,133,MRR@10,0.6078
2003_07_17_2013A31614,arm2_metadata_node_summary,133,MRR@10,0.6262
2003_07_17_2013A31614,arm2_metadata_node_full,133,MRR@10,0.6078
2003_07_17_2013A31614,arm2_metadata_article_raw,133,MRR@10,0.5628
2003_07_17_2013A31614,arm2_metadata_article_full,133,MRR@10,0.5628
1804_03_21_1804032150,arm1_naive,252,nDCG@10,0.4182
1804_03_21_1804032150,arm2_metadata_node_raw,252,nDCG@10,0.4918
1804_03_21_1804032150,arm2_metadata_node_enriched,252,nDCG@10,0.4918
1804_03_21_1804032150,arm2_metadata_node_summary,252,nDCG@10,0.5135
1804_03_21_1804032150,arm2_metadata_node_full,252,nDCG@10,0.4918
1804_03_21_1804032150,arm2_metadata_article_raw,252,nDCG@10,0.4999
1804_03_21_1804032150,arm2_metadata_article_full,252,nDCG@10,0.4999
1867_06_08_1867060850,arm1_naive,65,nDCG@10,0.3169
1867_06_08_1867060850,arm2_metadata_node_raw,65,nDCG@10,0.3626
1867_06_08_1867060850,arm2_metadata_node_enriched,65,nDCG@10,0.3626
1867_06_08_1867060850,arm2_metadata_node_summary,65,nDCG@10,0.3443
1867_06_08_1867060850,arm2_metadata_node_full,65,nDCG@10,0.3626
1867_06_08_1867060850,arm2_metadata_article_raw,65,nDCG@10,0.3344
1867_06_08_1867060850,arm2_metadata_article_full,65,nDCG@10,0.3344
1967_10_10_1967101055,arm1_naive,204,nDCG@10,0.3937
1967_10_10_1967101055,arm2_metadata_node_raw,204,nDCG@10,0.4309
1967_10_10_1967101055,arm2_metadata_node_enriched,204,nDCG@10,0.4309
1967_10_10_1967101055,arm2_metadata_node_summary,204,nDCG@10,0.478
1967_10_10_1967101055,arm2_metadata_node_full,204,nDCG@10,0.4309
1967_10_10_1967101055,arm2_metadata_article_raw,204,nDCG@10,0.4417
1967_10_10_1967101055,arm2_metadata_article_full,204,nDCG@10,0.4417
1967_10_10_1967101056,arm1_naive,71,nDCG@10,0.3054
1967_10_10_1967101056,arm2_metadata_node_raw,71,nDCG@10,0.398
1967_10_10_1967101056,arm2_metadata_node_enriched,71,nDCG@10,0.398
1967_10_10_1967101056,arm2_metadata_node_summary,71,nDCG@10,0.3633
1967_10_10_1967101056,arm2_metadata_node_full,71,nDCG@10,0.398
1967_10_10_1967101056,arm2_metadata_article_raw,71,nDCG@10,0.3709
1967_10_10_1967101056,arm2_metadata_article_full,71,nDCG@10,0.3709
2003_07_17_2013A31614,arm1_naive,133,nDCG@10,0.5666
2003_07_17_2013A31614,arm2_metadata_node_raw,133,nDCG@10,0.6643
2003_07_17_2013A31614,arm2_metadata_node_enriched,133,nDCG@10,0.6643
2003_07_17_2013A31614,arm2_metadata_node_summary,133,nDCG@10,0.6879
2003_07_17_2013A31614,arm2_metadata_node_full,133,nDCG@10,0.6643
2003_07_17_2013A31614,arm2_metadata_article_raw,133,nDCG@10,0.6348
2003_07_17_2013A31614,arm2_metadata_article_full,133,nDCG@10,0.6348
1804_03_21_1804032150,arm1_naive,252,Cw/R@10,0.4694
1804_03_21_1804032150,arm2_metadata_node_raw,252,Cw/R@10,0.4726
1804_03_21_1804032150,arm2_metadata_node_enriched,252,Cw/R@10,0.4726
1804_03_21_1804032150,arm2_metadata_node_summary,252,Cw/R@10,0.5149
1804_03_21_1804032150,arm2_metadata_node_full,252,Cw/R@10,0.4726
1804_03_21_1804032150,arm2_metadata_article_raw,252,Cw/R@10,0.4742
1804_03_21_1804032150,arm2_metadata_article_full,252,Cw/R@10,0.4742
1804_03_21_1804032150,arm1_naive,252,Cw/R@100,0.9287
1804_03_21_1804032150,arm2_metadata_node_raw,252,Cw/R@100,0.8504
1804_03_21_1804032150,arm2_metadata_node_enriched,252,Cw/R@100,0.8504
1804_03_21_1804032150,arm2_metadata_node_summary,252,Cw/R@100,0.8721
1804_03_21_1804032150,arm2_metadata_node_full,252,Cw/R@100,0.8504
1804_03_21_1804032150,arm2_metadata_article_raw,252,Cw/R@100,0.8976
1804_03_21_1804032150,arm2_metadata_article_full,252,Cw/R@100,0.8976
